<?xml version="1.0" encoding="UTF-8"?>
<window>
	<defaultcontrol always="true">50</defaultcontrol>
	<allowoverlay>no</allowoverlay>
	<views>50,51,54,55,57,500</views>
	<menucontrol>9051</menucontrol>
	<onload>SetProperty(Window.HasSettings,True,home)</onload>
	<onload>ClearProperty(MediaMenu,Home)</onload>
	<onunload>ClearProperty(Window.HasSettings,Home)</onunload>
	<controls>
		<include>CommonBackground</include>
		<include>bg_overlay_light</include>
		<control type="group">
			<include>WindowOpenCloseAnimation</include>
			<include condition="!Skin.HasSetting(Enable.SlimList)">AddonList</include>
			<include condition="Skin.HasSetting(Enable.SlimList)">SlimList</include>
			<!-- view id = 50 -->
			<include>AddonInfoWall</include>
			<!-- view id = 51 -->
			<include>View_54_ShowCase</include>
			<!-- view id = 54 -->
			<include>MusicTriPanel</include>
			<!-- view id = 55 -->
			<include>AddonWall</include>
			<!-- view id = 500 -->
			<include>AlbumShift</include>
			<!-- view id = 57 -->
		</control>
		<control type="group">
			<visible>Control.IsVisible(54) | Control.IsVisible(500) | Control.IsVisible(57)</visible>
			<visible>!Window.IsActive(addoninformation)</visible>
			<animation effect="slide" tween="cubic" time="720" start="0,806" end="0,0">VisibleChange</animation>
			<include>WindowOpenCloseAnimation</include>
			<top>-30</top>
			<control type="group">
				<visible>Control.IsVisible(54)</visible>
				<control type="group">
					<left>410</left>
					<top>1010</top>
					<control type="label">
						<right>410</right>
						<height>48</height>
						<align>center</align>
						<font>font16_title_bold</font>
						<textcolor>white</textcolor>
						<scroll>true</scroll>
						<label>$INFO[ListItem.Label]</label>
						<textoffsetx>30</textoffsetx>
					</control>
					<control type="label">
						<top>45</top>
						<right>410</right>
						<height>30</height>
						<align>center</align>
						<font>font13_title</font>
						<textcolor>white</textcolor>
						<label>$VAR[FloorLabel2Var]</label>
						<textoffsetx>30</textoffsetx>
					</control>
				</control>
			</control>
			<control type="group">
				<visible>Control.IsVisible(500) | Control.IsVisible(57)</visible>
				<animation effect="slide" start="0" end="40" time="720" tween="cubic" easing="inout" condition="Control.IsVisible(57)">Conditional</animation>
				<animation effect="slide" tween="cubic" time="720" start="0,806" end="0,0">VisibleChange</animation>
				<control type="group">
					<left>90</left>
					<top>1010</top>
					<control type="label">
						<right>680</right>
						<height>48</height>
						<font>font16_title_bold</font>
						<textcolor>white</textcolor>
						<scroll>true</scroll>
						<label>$INFO[ListItem.Label]</label>
						<textoffsetx>30</textoffsetx>
					</control>
					<control type="label">
						<top>45</top>
						<right>330</right>
						<height>30</height>
						<font>font13_title</font>
						<textcolor>white</textcolor>
						<scroll>true</scroll>
						<label>$INFO[ListItem.AddonSummary]</label>
						<textoffsetx>30</textoffsetx>
					</control>
				</control>
				<control type="label">
					<top>1000</top>
					<right>120</right>
					<width>300</width>
					<align>right</align>
					<height>90</height>
					<label>$INFO[ListItem.AddonVersion]</label>
					<font>font35_title_bold</font>
					<textcolor>white</textcolor>
					<wrapmultiline>true</wrapmultiline>
				</control>
			</control>
			<control type="image">
				<top>970</top>
				<width>100%</width>
				<height>140</height>
				<texture border="1">gradient_floor.png</texture>
			</control>
		</control>
		<include>ScrollOffsetLabel</include>
		<include>Topbar</include>
		<control type="group">
			<left>-440</left>
			<include>SideBladeLeft</include>
			<control type="grouplist" id="9050">
				<include>MediaMenuTop</include>
				<control type="label" id="201">
					<width>400</width>
					<height>52</height>
					<textoffsetx>15</textoffsetx>
					<font>font13_title</font>
					<label>31026</label>
					<textcolor>themecolor</textcolor>
				</control>
				<control type="button" id="9">
					<description>Check for repository updates</description>
					<include>ButtonCommonValues</include>
					<label>24034</label>
				</control>
				<control type="button" id="202">
					<description>Check for repository updates</description>
					<include>ButtonCommonValues</include>
					<enable>no</enable>
					<label>$INFO[Window(AddonBrowser).Property(Updated)]</label>
				</control>
				<control type="radiobutton" id="7">
					<description>Hide foreign</description>
					<include>ButtonCommonValues</include>
					<label>25001</label>
				</control>
				<control type="radiobutton" id="8">
					<description>Hide incompatible</description>
					<include>ButtonCommonValues</include>
					<label>24999</label>
				</control>
				<control type="button" id="203">
					<description>Actions</description>
					<textwidth>352</textwidth>
					<font>font13_title</font>
					<include>ButtonCommonValues</include>
					<label>31039</label>
					<enable>no</enable>
					<disabledcolor>themecolor</disabledcolor>
				</control>
				<control type="button" id="5">
					<description>Settings</description>
					<include>ButtonCommonValues</include>
					<label>10004</label>
				</control>
				<control type="button" id="616">
					<description>Go to playercontrols</description>
					<include>ButtonCommonValues</include>
					<label>$LOCALIZE[31177]</label>
					<onclick condition="Player.HasAudio">ClearProperty(MediaMenu,Home)</onclick>
					<onclick condition="Player.HasAudio">SetFocus(50)</onclick>
					<onclick condition="Player.HasAudio">ActivateWindow(playercontrols)</onclick>
					<onclick condition="Player.HasVideo">Fullscreen</onclick>
					<onclick condition="Player.HasVideo">ActivateWindow(videoosd)</onclick>
					<onclick>ClearProperty(MediaMenu,Home)</onclick>
					<visible>Player.HasMedia</visible>
				</control>
			</control>
		</control>
	</controls>
</window>